,Agent1,Agent2,Agent3,Agent4
0,4079.71723627954,4079.71723627954,4079.71723627954,4079.71723627954
1,4079.71723627954,4079.71723627954,4079.71723627954,4079.71723627954
2,4079.71723627954,4079.71723627954,4079.71723627954,4079.71723627954
3,4079.71723627954,4079.71723627954,4079.71723627954,4079.71723627954
4,4079.71723627954,4079.71723627954,4079.71723627954,4079.71723627954
